{"version": "1", "message": "ERROR: Hidden Testcases server unreachable.", "problem_id": "ads2_m6_a1_1", "user_id": "akhil3060", "score": {"sample": {"0": {"execution_time": 0.2257213592529297, "passed": false}, "1": {"execution_time": 0.21352314949035645, "passed": false}, "2": {"execution_time": 0.21450161933898926, "passed": false}, "3": {"execution_time": 0.22345995903015137, "passed": false}, "4": {"execution_time": 0.22539687156677246, "passed": false}, "5": {"execution_time": 0.215423583984375, "passed": false}, "6": {"execution_time": 0.21143507957458496, "passed": true}, "7": {"execution_time": 0.23237943649291992, "passed": false}, "8": {"execution_time": 0.22041010856628418, "passed": true}, "9": {"execution_time": 0.22739219665527344, "passed": false}, "10": {"execution_time": 0.23636674880981445, "passed": false}, "11": {"execution_time": 0.23138070106506348, "passed": false}}}, "check_style_score": "0/1"}