{"version": "1", "message": "ERROR: Hidden Testcases server unreachable.", "problem_id": "ads2_m6_a1_1", "user_id": "akhil3060", "score": {"sample": {"0": {"execution_time": 0.21342897415161133, "passed": false}, "1": {"execution_time": 0.2154233455657959, "passed": false}, "2": {"execution_time": 0.21143507957458496, "passed": false}, "3": {"execution_time": 0.2124314308166504, "passed": false}, "4": {"execution_time": 0.212538480758667, "passed": false}, "5": {"execution_time": 0.21442651748657227, "passed": false}, "6": {"execution_time": 0.21644902229309082, "passed": true}, "7": {"execution_time": 0.22547411918640137, "passed": false}, "8": {"execution_time": 0.21645832061767578, "passed": true}, "9": {"execution_time": 0.22609305381774902, "passed": false}, "10": {"execution_time": 0.21236753463745117, "passed": false}, "11": {"execution_time": 0.22040987014770508, "passed": false}}}, "check_style_score": "0/1"}