{"version": "1", "message": "ERROR: Hidden Testcases server unreachable.", "problem_id": "ads2_m6_a1_1", "user_id": "akhil3060", "score": {"sample": {"0": {"execution_time": 0.25531840324401855, "passed": false}, "1": {"execution_time": 0.20545053482055664, "passed": false}, "2": {"execution_time": 0.20844268798828125, "passed": false}, "3": {"execution_time": 0.22539734840393066, "passed": false}, "4": {"execution_time": 0.21841645240783691, "passed": false}, "5": {"execution_time": 0.21741890907287598, "passed": false}, "6": {"execution_time": 0.3151586055755615, "passed": false}, "7": {"execution_time": 0.21342992782592773, "passed": false}, "8": {"execution_time": 0.2373642921447754, "passed": false}, "9": {"execution_time": 0.21994304656982422, "passed": false}, "10": {"execution_time": 0.21342873573303223, "passed": false}, "11": {"execution_time": 0.22140860557556152, "passed": false}}}, "check_style_score": "0/1"}