{"version": "1", "message": "ERROR: Hidden Testcases server unreachable.", "problem_id": "ads2_m6_a1_1", "user_id": "akhil3060", "score": {"sample": {"0": {"execution_time": 0.2293870449066162, "passed": false}, "1": {"execution_time": 0.21150684356689453, "passed": false}, "2": {"execution_time": 0.21850085258483887, "passed": false}, "3": {"execution_time": 0.22247624397277832, "passed": false}, "4": {"execution_time": 0.2514786720275879, "passed": false}, "5": {"execution_time": 0.22301101684570312, "passed": false}, "6": {"execution_time": 0.21744585037231445, "passed": true}, "7": {"execution_time": 0.22206330299377441, "passed": false}, "8": {"execution_time": 0.21642160415649414, "passed": true}, "9": {"execution_time": 0.2365589141845703, "passed": false}, "10": {"execution_time": 0.22542953491210938, "passed": false}, "11": {"execution_time": 0.22440075874328613, "passed": false}}}, "check_style_score": "1/1"}