{"version": "1", "message": "ERROR: Hidden Testcases server unreachable.", "problem_id": "ads2_m6_a1_1", "user_id": "akhil3060", "score": {"sample": {"0": {"execution_time": 0.21642112731933594, "passed": false}, "1": {"execution_time": 0.20650005340576172, "passed": false}, "2": {"execution_time": 0.21024799346923828, "passed": false}, "3": {"execution_time": 0.2134690284729004, "passed": false}, "4": {"execution_time": 0.2124316692352295, "passed": false}, "5": {"execution_time": 0.21868085861206055, "passed": false}, "6": {"execution_time": 0.22041058540344238, "passed": true}, "7": {"execution_time": 0.2217259407043457, "passed": false}, "8": {"execution_time": 0.21545910835266113, "passed": true}, "9": {"execution_time": 0.20937395095825195, "passed": false}, "10": {"execution_time": 0.22339868545532227, "passed": false}, "11": {"execution_time": 0.215423583984375, "passed": false}}}, "check_style_score": "0/1"}