{"version": "1", "message": "ERROR: Hidden Testcases server unreachable.", "problem_id": "ads2_m6_a1_1", "user_id": "akhil3060", "score": {"sample": {"0": {"execution_time": 0.2214069366455078, "passed": false}, "1": {"execution_time": 0.22044825553894043, "passed": false}, "2": {"execution_time": 0.21346688270568848, "passed": false}, "3": {"execution_time": 0.21045970916748047, "passed": false}, "4": {"execution_time": 0.2184162139892578, "passed": false}, "5": {"execution_time": 0.23038387298583984, "passed": false}, "6": {"execution_time": 0.24634099006652832, "passed": true}, "7": {"execution_time": 0.22249364852905273, "passed": false}, "8": {"execution_time": 0.21748089790344238, "passed": false}, "9": {"execution_time": 0.2203519344329834, "passed": false}, "10": {"execution_time": 0.21941304206848145, "passed": false}, "11": {"execution_time": 0.23437237739562988, "passed": false}}}, "check_style_score": "0/1"}