{"version": "1", "message": "ERROR: Hidden Testcases server unreachable.", "problem_id": "ads2_m6_a1_1", "user_id": "akhil3060", "score": {"sample": {"0": {"execution_time": 0.20845842361450195, "passed": false}, "1": {"execution_time": 0.2124309539794922, "passed": false}, "2": {"execution_time": 0.2124311923980713, "passed": false}, "3": {"execution_time": 0.2214345932006836, "passed": false}, "4": {"execution_time": 0.2194991111755371, "passed": false}, "5": {"execution_time": 0.3051891326904297, "passed": false}, "6": {"execution_time": 0.22539615631103516, "passed": true}, "7": {"execution_time": 0.21494269371032715, "passed": false}, "8": {"execution_time": 0.21143460273742676, "passed": true}, "9": {"execution_time": 0.21547532081604004, "passed": false}, "10": {"execution_time": 0.2154252529144287, "passed": false}, "11": {"execution_time": 0.21445488929748535, "passed": false}}}, "check_style_score": "0/1"}