{"version": "1", "message": "ERROR: Hidden Testcases server unreachable.", "problem_id": "ads2_m6_a1_1", "user_id": "akhil3060", "score": {"sample": {"0": {"execution_time": 0.21642112731933594, "passed": false}, "1": {"execution_time": 0.19547772407531738, "passed": false}, "2": {"execution_time": 0.19747185707092285, "passed": false}, "3": {"execution_time": 0.21342825889587402, "passed": false}, "4": {"execution_time": 0.2293856143951416, "passed": false}, "5": {"execution_time": 0.20844221115112305, "passed": false}, "6": {"execution_time": 0.2124316692352295, "passed": false}, "7": {"execution_time": 0.2154240608215332, "passed": false}, "8": {"execution_time": 0.201460599899292, "passed": false}, "9": {"execution_time": 0.2184162139892578, "passed": false}, "10": {"execution_time": 0.20245885848999023, "passed": false}, "11": {"execution_time": 0.22240376472473145, "passed": false}}}, "check_style_score": "0/1"}