{"version": "1", "message": "ERROR: Hidden Testcases server unreachable.", "problem_id": "ads2_m6_a1_1", "user_id": "akhil3060", "score": {"sample": {"0": {"execution_time": 0.2732691764831543, "passed": false}, "1": {"execution_time": 0.22739195823669434, "passed": false}, "2": {"execution_time": 0.21745038032531738, "passed": false}, "3": {"execution_time": 0.19946670532226562, "passed": false}, "4": {"execution_time": 0.19248509407043457, "passed": false}, "5": {"execution_time": 0.20345497131347656, "passed": false}, "6": {"execution_time": 0.20647501945495605, "passed": false}, "7": {"execution_time": 0.2124943733215332, "passed": false}, "8": {"execution_time": 0.20245885848999023, "passed": false}, "9": {"execution_time": 0.20943951606750488, "passed": false}, "10": {"execution_time": 0.20345640182495117, "passed": false}, "11": {"execution_time": 0.20545005798339844, "passed": false}}}, "check_style_score": "0/1"}