{"version": "1", "message": "ERROR: Hidden Testcases server unreachable.", "problem_id": "ads2_m6_a1_1", "user_id": "akhil3060", "score": {"sample": {"0": {"execution_time": 0.28240442276000977, "passed": false}, "1": {"execution_time": 0.22093582153320312, "passed": false}, "2": {"execution_time": 0.21563029289245605, "passed": false}, "3": {"execution_time": 0.23045849800109863, "passed": false}, "4": {"execution_time": 0.21124672889709473, "passed": false}, "5": {"execution_time": 0.2154231071472168, "passed": true}, "6": {"execution_time": 0.23143696784973145, "passed": true}, "7": {"execution_time": 0.2227168083190918, "passed": false}, "8": {"execution_time": 0.2603111267089844, "passed": true}, "9": {"execution_time": 0.2195284366607666, "passed": false}, "10": {"execution_time": 0.21753191947937012, "passed": true}, "11": {"execution_time": 0.2199232578277588, "passed": false}}}, "check_style_score": "0/1"}