{"version": "1", "message": "ERROR: Hidden Testcases server unreachable.", "problem_id": "ads2_m4_a1_1", "user_id": "akhil3060", "score": {"sample": {"0": {"execution_time": 0.22246360778808594, "passed": true}, "1": {"execution_time": 0.22649812698364258, "passed": true}, "2": {"execution_time": 0.24465155601501465, "passed": true}, "3": {"execution_time": 0.2519528865814209, "passed": true}, "4": {"execution_time": 0.21526312828063965, "passed": true}, "5": {"execution_time": 0.2185351848602295, "passed": true}, "6": {"execution_time": 0.21484732627868652, "passed": true}, "7": {"execution_time": 0.22459936141967773, "passed": true}, "8": {"execution_time": 0.21051883697509766, "passed": true}, "9": {"execution_time": 0.1765429973602295, "passed": true}, "10": {"execution_time": 0.17371582984924316, "passed": true}, "11": {"execution_time": 0.18949341773986816, "passed": true}, "12": {"execution_time": 0.17818236351013184, "passed": true}, "13": {"execution_time": 1.029306173324585, "passed": true}, "14": {"execution_time": 0.17947983741760254, "passed": true}}}, "check_style_score": "0/1"}