{"version": "1", "message": "ERROR: Hidden Testcases server unreachable.", "problem_id": "ads2_m4_a1_1", "user_id": "akhil3060", "score": {"sample": {"0": {"execution_time": 0.207991361618042, "passed": true}, "1": {"execution_time": 0.22569656372070312, "passed": true}, "2": {"execution_time": 0.24342083930969238, "passed": true}, "3": {"execution_time": 0.25794291496276855, "passed": true}, "4": {"execution_time": 0.21970176696777344, "passed": true}, "5": {"execution_time": 0.2196178436279297, "passed": true}, "6": {"execution_time": 0.22551679611206055, "passed": true}, "7": {"execution_time": 0.21690964698791504, "passed": true}, "8": {"execution_time": 0.2133176326751709, "passed": true}, "9": {"execution_time": 0.1795206069946289, "passed": true}, "10": {"execution_time": 0.1737656593322754, "passed": true}, "11": {"execution_time": 0.17532849311828613, "passed": true}, "12": {"execution_time": 0.18304872512817383, "passed": true}, "13": {"execution_time": 0.988433837890625, "passed": true}, "14": {"execution_time": 0.17853856086730957, "passed": true}}}, "check_style_score": "0/1"}