{"version": "1", "message": "ERROR: Hidden Testcases server unreachable.", "problem_id": "ads2_m4_a1_1", "user_id": "akhil3060", "score": {"sample": {"0": {"execution_time": 0.2044544219970703, "passed": true}, "1": {"execution_time": 0.2255854606628418, "passed": true}, "2": {"execution_time": 0.25096869468688965, "passed": true}, "3": {"execution_time": 0.25182390213012695, "passed": true}, "4": {"execution_time": 0.2145376205444336, "passed": true}, "5": {"execution_time": 0.21755290031433105, "passed": true}, "6": {"execution_time": 0.21351003646850586, "passed": true}, "7": {"execution_time": 0.21843314170837402, "passed": true}, "8": {"execution_time": 0.20968866348266602, "passed": true}, "9": {"execution_time": 0.18038678169250488, "passed": true}, "10": {"execution_time": 0.22397971153259277, "passed": true}, "11": {"execution_time": 0.2535877227783203, "passed": true}, "12": {"execution_time": 0.17748260498046875, "passed": true}, "13": {"execution_time": 1.1758830547332764, "passed": true}, "14": {"execution_time": 0.18881893157958984, "passed": true}}}, "check_style_score": "0/1"}