{"version": "1", "message": "ERROR: Hidden Testcases server unreachable.", "problem_id": "ads2_m4_a1_1", "user_id": "akhil3060", "score": {"sample": {"0": {"execution_time": 0.20545005798339844, "passed": true}, "1": {"execution_time": 0.22088027000427246, "passed": true}, "2": {"execution_time": 0.24044537544250488, "passed": true}, "3": {"execution_time": 0.25831055641174316, "passed": true}, "4": {"execution_time": 0.21233367919921875, "passed": true}, "5": {"execution_time": 0.22352313995361328, "passed": true}, "6": {"execution_time": 0.21729683876037598, "passed": true}, "7": {"execution_time": 0.21829962730407715, "passed": true}, "8": {"execution_time": 0.2104644775390625, "passed": true}, "9": {"execution_time": 0.17655587196350098, "passed": true}, "10": {"execution_time": 0.17654752731323242, "passed": true}, "11": {"execution_time": 0.1845085620880127, "passed": true}, "12": {"execution_time": 0.18185186386108398, "passed": true}, "13": {"execution_time": 1.0163538455963135, "passed": true}, "14": {"execution_time": 0.17853808403015137, "passed": true}}}, "check_style_score": "1/1"}