{"version": "1", "message": "ERROR: Hidden Testcases server unreachable.", "problem_id": "ads2_m4_a1_1", "user_id": "akhil3060", "score": {"sample": {"0": {"execution_time": 0.21989202499389648, "passed": true}, "1": {"execution_time": 0.22053194046020508, "passed": true}, "2": {"execution_time": 0.28836822509765625, "passed": true}, "3": {"execution_time": 0.29358625411987305, "passed": true}, "4": {"execution_time": 0.22214508056640625, "passed": true}, "5": {"execution_time": 0.22008633613586426, "passed": true}, "6": {"execution_time": 0.2177116870880127, "passed": true}, "7": {"execution_time": 0.21972346305847168, "passed": true}, "8": {"execution_time": 0.2098398208618164, "passed": true}, "9": {"execution_time": 0.18109416961669922, "passed": true}, "10": {"execution_time": 0.1883983612060547, "passed": true}, "11": {"execution_time": 0.17954087257385254, "passed": true}, "12": {"execution_time": 0.185136079788208, "passed": true}, "13": {"execution_time": 1.2140207290649414, "passed": true}, "14": {"execution_time": 0.21483421325683594, "passed": true}}}, "check_style_score": "0/1"}