{"version": "1", "message": "ERROR: Hidden Testcases server unreachable.", "problem_id": "ads2_m4_a1_1", "user_id": "akhil3060", "score": {"sample": {"0": {"execution_time": 0.20644807815551758, "passed": true}, "1": {"execution_time": 0.22243809700012207, "passed": true}, "2": {"execution_time": 0.2424306869506836, "passed": true}, "3": {"execution_time": 0.25737738609313965, "passed": true}, "4": {"execution_time": 0.21448302268981934, "passed": true}, "5": {"execution_time": 0.23836326599121094, "passed": true}, "6": {"execution_time": 0.2183985710144043, "passed": true}, "7": {"execution_time": 0.20943999290466309, "passed": true}, "8": {"execution_time": 0.2117006778717041, "passed": true}, "9": {"execution_time": 0.17852258682250977, "passed": true}, "10": {"execution_time": 0.17922377586364746, "passed": true}, "11": {"execution_time": 0.17760586738586426, "passed": true}, "12": {"execution_time": 0.2978515625, "passed": true}, "13": {"execution_time": 0.998943567276001, "passed": true}, "14": {"execution_time": 0.17453384399414062, "passed": true}}}, "check_style_score": "1/1"}