{"version": "1", "message": "ERROR: Hidden Testcases server unreachable.", "problem_id": "ads2_m4_a1_1", "user_id": "akhil3060", "score": {"sample": {"0": {"execution_time": 0.20844316482543945, "passed": true}, "1": {"execution_time": 0.22624683380126953, "passed": true}, "2": {"execution_time": 0.23845386505126953, "passed": true}, "3": {"execution_time": 0.25711822509765625, "passed": true}, "4": {"execution_time": 0.21746587753295898, "passed": true}, "5": {"execution_time": 0.2194976806640625, "passed": true}, "6": {"execution_time": 0.24135470390319824, "passed": true}, "7": {"execution_time": 0.2194509506225586, "passed": true}, "8": {"execution_time": 0.27622199058532715, "passed": true}, "9": {"execution_time": 0.1795206069946289, "passed": true}, "10": {"execution_time": 0.1795198917388916, "passed": true}, "11": {"execution_time": 0.1748809814453125, "passed": true}, "12": {"execution_time": 0.17642664909362793, "passed": true}, "13": {"execution_time": 0.9423491954803467, "passed": true}, "14": {"execution_time": 0.1766059398651123, "passed": true}}}, "check_style_score": "0/1"}