{"version": "1", "message": "ERROR: Hidden Testcases server unreachable.", "problem_id": "ads2_m16_a1_1", "user_id": "mayankkarn2", "score": {"sample": {"0": {"execution_time": 0.516108512878418, "passed": true}, "1": {"execution_time": 0.5106644630432129, "passed": true}, "2": {"execution_time": 0.9831910133361816, "passed": true}, "3": {"execution_time": 0.9945507049560547, "passed": true}, "4": {"execution_time": 0.9548683166503906, "passed": true}, "5": {"execution_time": 0.9680728912353516, "passed": true}, "6": {"execution_time": 1.0279371738433838, "passed": true}, "7": {"execution_time": 1.011838436126709, "passed": true}, "8": {"execution_time": 0.27768635749816895, "passed": true}, "9": {"execution_time": 1.0140070915222168, "passed": true}, "10": {"execution_time": 1.0094444751739502, "passed": true}, "11": {"execution_time": 6.764908790588379, "passed": true}, "12": {"execution_time": 0.9970741271972656, "passed": true}, "13": {"execution_time": 0.4275226593017578, "passed": true}, "14": {"execution_time": 0.9836149215698242, "passed": true}, "15": {"execution_time": 0.995213508605957, "passed": true}, "16": {"execution_time": 0.5434157848358154, "passed": true}, "17": {"execution_time": 0.5285544395446777, "passed": true}, "18": {"execution_time": 0.559363603591919, "passed": true}, "19": {"execution_time": 0.26304101943969727, "passed": true}, "20": {"execution_time": 0.6104681491851807, "passed": true}, "21": {"execution_time": 0.5449364185333252, "passed": true}, "22": {"execution_time": 0.5670633316040039, "passed": true}, "23": {"execution_time": 0.541191577911377, "passed": true}, "24": {"execution_time": 0.5354235172271729, "passed": true}, "25": {"execution_time": 1.0064470767974854, "passed": true}, "26": {"execution_time": 0.8640046119689941, "passed": true}, "27": {"execution_time": 1.0844120979309082, "passed": true}, "28": {"execution_time": 1.5187387466430664, "passed": true}, "29": {"execution_time": 0.43166065216064453, "passed": true}}}, "check_style_score": "0/1"}