{"version": "1", "message": "ERROR: Hidden Testcases server unreachable.", "problem_id": "ads2_m16_a1_1", "user_id": "akhil3060", "score": {"sample": {"0": {"execution_time": 0.2902228832244873, "passed": true}, "1": {"execution_time": 0.27629756927490234, "passed": true}, "2": {"execution_time": 0.578453540802002, "passed": true}, "3": {"execution_time": 0.577455997467041, "passed": true}, "4": {"execution_time": 0.5684797763824463, "passed": true}, "5": {"execution_time": 0.5714719295501709, "passed": true}, "6": {"execution_time": 0.5694785118103027, "passed": true}, "7": {"execution_time": 0.5824429988861084, "passed": true}, "8": {"execution_time": 0.32413339614868164, "passed": true}, "9": {"execution_time": 0.5794508457183838, "passed": true}, "10": {"execution_time": 1.1010558605194092, "passed": true}, "11": {"execution_time": 4.282550811767578, "passed": true}, "12": {"execution_time": 0.5595042705535889, "passed": true}, "13": {"execution_time": 0.2912297248840332, "passed": true}, "14": {"execution_time": 0.5894248485565186, "passed": true}, "15": {"execution_time": 0.5764584541320801, "passed": true}, "16": {"execution_time": 0.3311152458190918, "passed": true}, "17": {"execution_time": 0.30219554901123047, "passed": true}, "18": {"execution_time": 0.2952096462249756, "passed": true}, "19": {"execution_time": 0.3121657371520996, "passed": true}, "20": {"execution_time": 0.3181495666503906, "passed": true}, "21": {"execution_time": 0.3001976013183594, "passed": true}, "22": {"execution_time": 0.29421257972717285, "passed": true}, "23": {"execution_time": 0.3171525001525879, "passed": true}, "24": {"execution_time": 0.2234022617340088, "passed": true}, "25": {"execution_time": 0.6063792705535889, "passed": true}, "26": {"execution_time": 0.5996758937835693, "passed": true}, "27": {"execution_time": 0.6570134162902832, "passed": true}, "28": {"execution_time": 0.9394874572753906, "passed": true}, "29": {"execution_time": 0.2373650074005127, "passed": true}}}, "check_style_score": "0/1"}