{"version": "1", "message": "ERROR: Hidden Testcases server unreachable.", "problem_id": "ads2_m16_a1_1", "user_id": "akhil3060", "score": {"sample": {"0": {"execution_time": 0.2752645015716553, "passed": true}, "1": {"execution_time": 0.25232481956481934, "passed": true}, "2": {"execution_time": 0.5545179843902588, "passed": true}, "3": {"execution_time": 0.5754621028900146, "passed": true}, "4": {"execution_time": 0.5694775581359863, "passed": true}, "5": {"execution_time": 0.5674829483032227, "passed": true}, "6": {"execution_time": 0.577455997467041, "passed": true}, "7": {"execution_time": 0.5674834251403809, "passed": true}, "8": {"execution_time": 0.3181486129760742, "passed": true}, "9": {"execution_time": 0.5614988803863525, "passed": true}, "10": {"execution_time": 0.5614988803863525, "passed": true}, "11": {"execution_time": 4.0841383934021, "passed": true}, "12": {"execution_time": 0.5824429988861084, "passed": true}, "13": {"execution_time": 0.2622978687286377, "passed": true}, "14": {"execution_time": 0.57246994972229, "passed": true}, "15": {"execution_time": 0.5794501304626465, "passed": true}, "16": {"execution_time": 0.301194429397583, "passed": true}, "17": {"execution_time": 0.2902238368988037, "passed": true}, "18": {"execution_time": 0.2982025146484375, "passed": true}, "19": {"execution_time": 0.30019712448120117, "passed": true}, "20": {"execution_time": 0.34707117080688477, "passed": true}, "21": {"execution_time": 0.301194429397583, "passed": true}, "22": {"execution_time": 0.29919981956481934, "passed": true}, "23": {"execution_time": 0.2922191619873047, "passed": true}, "24": {"execution_time": 0.2293868064880371, "passed": true}, "25": {"execution_time": 0.5934133529663086, "passed": true}, "26": {"execution_time": 0.491685152053833, "passed": true}, "27": {"execution_time": 0.6193451881408691, "passed": true}, "28": {"execution_time": 0.9733977317810059, "passed": true}, "29": {"execution_time": 0.2263953685760498, "passed": true}}}, "check_style_score": "0/1"}